文件名,文件URL
东坡肉1.png,https://aicunchu-1394039784.cos.ap-guangzhou.myqcloud.com/image/%E4%B8%9C%E5%9D%A1%E8%82%891.png?q-sign-algorithm=sha1&q-ak=AKIDNwepPWiR959XaEWU9fs96kswK-qdxDIby5G5jSPmfK_IbGMTqKRmKTEVQSPrNg9i&q-sign-time=1767365000;1767368600&q-key-time=1767365000;1767368600&q-header-list=host&q-url-param-list=&q-signature=32b26ac59518f850ba69ff04b21594572d73250c&x-cos-security-token=YI7Be0o0IOd0Ml0jL7HnhcZYJz7gXOpa340b1363b46707e3170dcace624508c2v--7b-y27dzCeAa2Hwn1RKk3rqBOX74nH-gSC6KJ_H9yg6RilQU_iqcDpkJ_Uxtm7ukQdQBclmtmBhBeBryHcgW3DuK4pgygcD9z7dRcBO_rQcyXOG3KnyqyuwMrSfU4c48HvJAAaNdh4rhj3fV0I95HgoS5HctaODXR0oWUuWr_yKvWBfEtf5jUBhH8YHDTO5NuKQ7cVK5ALDjU_9MyfJBDbrf-odYQBOtkg1wlBZJSiQJgFOR2cYSL_g4nYs-tEe72Z_GgStPnLRYNgePT2JwDu_VAVXuuqPp5yuQghnbK3ubTp8CInDOXYMGDLHR3pz3FD1P1VDNR5Vja7Lbdr59lZ35PID7rv_j8r3yHN1VuV4i4r8me5pF3_6rgl4vTJyWzPVnSSDCZ6sZnZNM3pYunY06p8-PWYOOfRHlt8u3LJBNpjiWUGsCWBjgWTRWAr6zurCVcrLZaOEa0k9SMaGVLi3vYrWZDXnbYxmcM-rGx1d6PhxUDYVK8LEeYgzbm1vM0qmbTpzT_0RuPYiLlkdUgF-3VnpjurhWLP2j4UesAyIGEZ2SF13jJM8_-VX83QL-gL91BUwZksAdM6MPA5IH-pNkwUTR-hheVNTaNRbWApBDZiOgVZxL0zAStpU5i8otJTrx5kaqkrkmPBn5GHb8R4IgmYrUja5K8Jlxeb2qFvQvUsE-k3nkEcXtq0q84kerLwpR7hNwDtGKgmpHJhJaFTLzLVTb_62pgPagt2nUCIo_TyY0q0RewZUz8jK9KHsy7icc7hcpiO14BszayUYL63OpAm6rDqCsBqvByv_W8xlExV_2XrJFg_saITVZQn_1Xt0wdNZ7WZ-bvIWdgozbm4H7DAiT5CIVtw79rY8NS8cFLdQfSqVkuyt0XST-jIpY6TSr6fG_iCBWhDINIRQvvfLOFV7lao53Je-fiRkSNNjqCJlUY2pUyMetzXSegM5de3KDeVReb_efkJf-7EM_Pa1-XXKia19lqSMVv41CMDBbVqYiZ1h0D54WpEZMpE9V0Ih4-3DQKTSDba0eHx8-cb1y_-5n9a8aD5Ew-xmEojIJP1VK89MlOXyxGnd3lhWKvqHRzUxEqtegmBILMAYGW65YXFhWb4Gt1tmpzW7hALF0TDFqtT2WuJyhQYsBuii9si5BAVFmnDhYXDipPV9wmORoyTHqOGHjE9JZ1LUVQJt7wAfAqEdTpzojrX0FxogQnhd2y4yMdVkwGtIACKhT6SMjSVK64asRBp2p_mHM
主KV视觉6.png,https://aicunchu-1394039784.cos.ap-guangzhou.myqcloud.com/image/%E4%B8%BBKV%E8%A7%86%E8%A7%896.png?q-sign-algorithm=sha1&q-ak=AKIDNwepPWiR959XaEWU9fs96kswK-qdxDIby5G5jSPmfK_IbGMTqKRmKTEVQSPrNg9i&q-sign-time=1767365000;1767368600&q-key-time=1767365000;1767368600&q-header-list=host&q-url-param-list=&q-signature=6bf207ce35809784375af2f4aed4394b2f221da8&x-cos-security-token=YI7Be0o0IOd0Ml0jL7HnhcZYJz7gXOpa340b1363b46707e3170dcace624508c2v--7b-y27dzCeAa2Hwn1RKk3rqBOX74nH-gSC6KJ_H9yg6RilQU_iqcDpkJ_Uxtm7ukQdQBclmtmBhBeBryHcgW3DuK4pgygcD9z7dRcBO_rQcyXOG3KnyqyuwMrSfU4c48HvJAAaNdh4rhj3fV0I95HgoS5HctaODXR0oWUuWr_yKvWBfEtf5jUBhH8YHDTO5NuKQ7cVK5ALDjU_9MyfJBDbrf-odYQBOtkg1wlBZJSiQJgFOR2cYSL_g4nYs-tEe72Z_GgStPnLRYNgePT2JwDu_VAVXuuqPp5yuQghnbK3ubTp8CInDOXYMGDLHR3pz3FD1P1VDNR5Vja7Lbdr59lZ35PID7rv_j8r3yHN1VuV4i4r8me5pF3_6rgl4vTJyWzPVnSSDCZ6sZnZNM3pYunY06p8-PWYOOfRHlt8u3LJBNpjiWUGsCWBjgWTRWAr6zurCVcrLZaOEa0k9SMaGVLi3vYrWZDXnbYxmcM-rGx1d6PhxUDYVK8LEeYgzbm1vM0qmbTpzT_0RuPYiLlkdUgF-3VnpjurhWLP2j4UesAyIGEZ2SF13jJM8_-VX83QL-gL91BUwZksAdM6MPA5IH-pNkwUTR-hheVNTaNRbWApBDZiOgVZxL0zAStpU5i8otJTrx5kaqkrkmPBn5GHb8R4IgmYrUja5K8Jlxeb2qFvQvUsE-k3nkEcXtq0q84kerLwpR7hNwDtGKgmpHJhJaFTLzLVTb_62pgPagt2nUCIo_TyY0q0RewZUz8jK9KHsy7icc7hcpiO14BszayUYL63OpAm6rDqCsBqvByv_W8xlExV_2XrJFg_saITVZQn_1Xt0wdNZ7WZ-bvIWdgozbm4H7DAiT5CIVtw79rY8NS8cFLdQfSqVkuyt0XST-jIpY6TSr6fG_iCBWhDINIRQvvfLOFV7lao53Je-fiRkSNNjqCJlUY2pUyMetzXSegM5de3KDeVReb_efkJf-7EM_Pa1-XXKia19lqSMVv41CMDBbVqYiZ1h0D54WpEZMpE9V0Ih4-3DQKTSDba0eHx8-cb1y_-5n9a8aD5Ew-xmEojIJP1VK89MlOXyxGnd3lhWKvqHRzUxEqtegmBILMAYGW65YXFhWb4Gt1tmpzW7hALF0TDFqtT2WuJyhQYsBuii9si5BAVFmnDhYXDipPV9wmORoyTHqOGHjE9JZ1LUVQJt7wAfAqEdTpzojrX0FxogQnhd2y4yMdVkwGtIACKhT6SMjSVK64asRBp2p_mHM
乡村牧歌.png,https://aicunchu-1394039784.cos.ap-guangzhou.myqcloud.com/image/%E4%B9%A1%E6%9D%91%E7%89%A7%E6%AD%8C.png?q-sign-algorithm=sha1&q-ak=AKIDNwepPWiR959XaEWU9fs96kswK-qdxDIby5G5jSPmfK_IbGMTqKRmKTEVQSPrNg9i&q-sign-time=1767365000;1767368600&q-key-time=1767365000;1767368600&q-header-list=host&q-url-param-list=&q-signature=9223bc8198c442a4a87047731ce93fec768cefa0&x-cos-security-token=YI7Be0o0IOd0Ml0jL7HnhcZYJz7gXOpa340b1363b46707e3170dcace624508c2v--7b-y27dzCeAa2Hwn1RKk3rqBOX74nH-gSC6KJ_H9yg6RilQU_iqcDpkJ_Uxtm7ukQdQBclmtmBhBeBryHcgW3DuK4pgygcD9z7dRcBO_rQcyXOG3KnyqyuwMrSfU4c48HvJAAaNdh4rhj3fV0I95HgoS5HctaODXR0oWUuWr_yKvWBfEtf5jUBhH8YHDTO5NuKQ7cVK5ALDjU_9MyfJBDbrf-odYQBOtkg1wlBZJSiQJgFOR2cYSL_g4nYs-tEe72Z_GgStPnLRYNgePT2JwDu_VAVXuuqPp5yuQghnbK3ubTp8CInDOXYMGDLHR3pz3FD1P1VDNR5Vja7Lbdr59lZ35PID7rv_j8r3yHN1VuV4i4r8me5pF3_6rgl4vTJyWzPVnSSDCZ6sZnZNM3pYunY06p8-PWYOOfRHlt8u3LJBNpjiWUGsCWBjgWTRWAr6zurCVcrLZaOEa0k9SMaGVLi3vYrWZDXnbYxmcM-rGx1d6PhxUDYVK8LEeYgzbm1vM0qmbTpzT_0RuPYiLlkdUgF-3VnpjurhWLP2j4UesAyIGEZ2SF13jJM8_-VX83QL-gL91BUwZksAdM6MPA5IH-pNkwUTR-hheVNTaNRbWApBDZiOgVZxL0zAStpU5i8otJTrx5kaqkrkmPBn5GHb8R4IgmYrUja5K8Jlxeb2qFvQvUsE-k3nkEcXtq0q84kerLwpR7hNwDtGKgmpHJhJaFTLzLVTb_62pgPagt2nUCIo_TyY0q0RewZUz8jK9KHsy7icc7hcpiO14BszayUYL63OpAm6rDqCsBqvByv_W8xlExV_2XrJFg_saITVZQn_1Xt0wdNZ7WZ-bvIWdgozbm4H7DAiT5CIVtw79rY8NS8cFLdQfSqVkuyt0XST-jIpY6TSr6fG_iCBWhDINIRQvvfLOFV7lao53Je-fiRkSNNjqCJlUY2pUyMetzXSegM5de3KDeVReb_efkJf-7EM_Pa1-XXKia19lqSMVv41CMDBbVqYiZ1h0D54WpEZMpE9V0Ih4-3DQKTSDba0eHx8-cb1y_-5n9a8aD5Ew-xmEojIJP1VK89MlOXyxGnd3lhWKvqHRzUxEqtegmBILMAYGW65YXFhWb4Gt1tmpzW7hALF0TDFqtT2WuJyhQYsBuii9si5BAVFmnDhYXDipPV9wmORoyTHqOGHjE9JZ1LUVQJt7wAfAqEdTpzojrX0FxogQnhd2y4yMdVkwGtIACKhT6SMjSVK64asRBp2p_mHM
乡间故事.png,https://aicunchu-1394039784.cos.ap-guangzhou.myqcloud.com/image/%E4%B9%A1%E9%97%B4%E6%95%85%E4%BA%8B.png?q-sign-algorithm=sha1&q-ak=AKIDNwepPWiR959XaEWU9fs96kswK-qdxDIby5G5jSPmfK_IbGMTqKRmKTEVQSPrNg9i&q-sign-time=1767365000;1767368600&q-key-time=1767365000;1767368600&q-header-list=host&q-url-param-list=&q-signature=d3c0077d71b6e88d46691fcdde8cd0dad2afffe6&x-cos-security-token=YI7Be0o0IOd0Ml0jL7HnhcZYJz7gXOpa340b1363b46707e3170dcace624508c2v--7b-y27dzCeAa2Hwn1RKk3rqBOX74nH-gSC6KJ_H9yg6RilQU_iqcDpkJ_Uxtm7ukQdQBclmtmBhBeBryHcgW3DuK4pgygcD9z7dRcBO_rQcyXOG3KnyqyuwMrSfU4c48HvJAAaNdh4rhj3fV0I95HgoS5HctaODXR0oWUuWr_yKvWBfEtf5jUBhH8YHDTO5NuKQ7cVK5ALDjU_9MyfJBDbrf-odYQBOtkg1wlBZJSiQJgFOR2cYSL_g4nYs-tEe72Z_GgStPnLRYNgePT2JwDu_VAVXuuqPp5yuQghnbK3ubTp8CInDOXYMGDLHR3pz3FD1P1VDNR5Vja7Lbdr59lZ35PID7rv_j8r3yHN1VuV4i4r8me5pF3_6rgl4vTJyWzPVnSSDCZ6sZnZNM3pYunY06p8-PWYOOfRHlt8u3LJBNpjiWUGsCWBjgWTRWAr6zurCVcrLZaOEa0k9SMaGVLi3vYrWZDXnbYxmcM-rGx1d6PhxUDYVK8LEeYgzbm1vM0qmbTpzT_0RuPYiLlkdUgF-3VnpjurhWLP2j4UesAyIGEZ2SF13jJM8_-VX83QL-gL91BUwZksAdM6MPA5IH-pNkwUTR-hheVNTaNRbWApBDZiOgVZxL0zAStpU5i8otJTrx5kaqkrkmPBn5GHb8R4IgmYrUja5K8Jlxeb2qFvQvUsE-k3nkEcXtq0q84kerLwpR7hNwDtGKgmpHJhJaFTLzLVTb_62pgPagt2nUCIo_TyY0q0RewZUz8jK9KHsy7icc7hcpiO14BszayUYL63OpAm6rDqCsBqvByv_W8xlExV_2XrJFg_saITVZQn_1Xt0wdNZ7WZ-bvIWdgozbm4H7DAiT5CIVtw79rY8NS8cFLdQfSqVkuyt0XST-jIpY6TSr6fG_iCBWhDINIRQvvfLOFV7lao53Je-fiRkSNNjqCJlUY2pUyMetzXSegM5de3KDeVReb_efkJf-7EM_Pa1-XXKia19lqSMVv41CMDBbVqYiZ1h0D54WpEZMpE9V0Ih4-3DQKTSDba0eHx8-cb1y_-5n9a8aD5Ew-xmEojIJP1VK89MlOXyxGnd3lhWKvqHRzUxEqtegmBILMAYGW65YXFhWb4Gt1tmpzW7hALF0TDFqtT2WuJyhQYsBuii9si5BAVFmnDhYXDipPV9wmORoyTHqOGHjE9JZ1LUVQJt7wAfAqEdTpzojrX0FxogQnhd2y4yMdVkwGtIACKhT6SMjSVK64asRBp2p_mHM
井底光明.png,https://aicunchu-1394039784.cos.ap-guangzhou.myqcloud.com/image/%E4%BA%95%E5%BA%95%E5%85%89%E6%98%8E.png?q-sign-algorithm=sha1&q-ak=AKIDNwepPWiR959XaEWU9fs96kswK-qdxDIby5G5jSPmfK_IbGMTqKRmKTEVQSPrNg9i&q-sign-time=1767365000;1767368600&q-key-time=1767365000;1767368600&q-header-list=host&q-url-param-list=&q-signature=65a9be1182e02a173579dec11146e49a67c60d48&x-cos-security-token=YI7Be0o0IOd0Ml0jL7HnhcZYJz7gXOpa340b1363b46707e3170dcace624508c2v--7b-y27dzCeAa2Hwn1RKk3rqBOX74nH-gSC6KJ_H9yg6RilQU_iqcDpkJ_Uxtm7ukQdQBclmtmBhBeBryHcgW3DuK4pgygcD9z7dRcBO_rQcyXOG3KnyqyuwMrSfU4c48HvJAAaNdh4rhj3fV0I95HgoS5HctaODXR0oWUuWr_yKvWBfEtf5jUBhH8YHDTO5NuKQ7cVK5ALDjU_9MyfJBDbrf-odYQBOtkg1wlBZJSiQJgFOR2cYSL_g4nYs-tEe72Z_GgStPnLRYNgePT2JwDu_VAVXuuqPp5yuQghnbK3ubTp8CInDOXYMGDLHR3pz3FD1P1VDNR5Vja7Lbdr59lZ35PID7rv_j8r3yHN1VuV4i4r8me5pF3_6rgl4vTJyWzPVnSSDCZ6sZnZNM3pYunY06p8-PWYOOfRHlt8u3LJBNpjiWUGsCWBjgWTRWAr6zurCVcrLZaOEa0k9SMaGVLi3vYrWZDXnbYxmcM-rGx1d6PhxUDYVK8LEeYgzbm1vM0qmbTpzT_0RuPYiLlkdUgF-3VnpjurhWLP2j4UesAyIGEZ2SF13jJM8_-VX83QL-gL91BUwZksAdM6MPA5IH-pNkwUTR-hheVNTaNRbWApBDZiOgVZxL0zAStpU5i8otJTrx5kaqkrkmPBn5GHb8R4IgmYrUja5K8Jlxeb2qFvQvUsE-k3nkEcXtq0q84kerLwpR7hNwDtGKgmpHJhJaFTLzLVTb_62pgPagt2nUCIo_TyY0q0RewZUz8jK9KHsy7icc7hcpiO14BszayUYL63OpAm6rDqCsBqvByv_W8xlExV_2XrJFg_saITVZQn_1Xt0wdNZ7WZ-bvIWdgozbm4H7DAiT5CIVtw79rY8NS8cFLdQfSqVkuyt0XST-jIpY6TSr6fG_iCBWhDINIRQvvfLOFV7lao53Je-fiRkSNNjqCJlUY2pUyMetzXSegM5de3KDeVReb_efkJf-7EM_Pa1-XXKia19lqSMVv41CMDBbVqYiZ1h0D54WpEZMpE9V0Ih4-3DQKTSDba0eHx8-cb1y_-5n9a8aD5Ew-xmEojIJP1VK89MlOXyxGnd3lhWKvqHRzUxEqtegmBILMAYGW65YXFhWb4Gt1tmpzW7hALF0TDFqtT2WuJyhQYsBuii9si5BAVFmnDhYXDipPV9wmORoyTHqOGHjE9JZ1LUVQJt7wAfAqEdTpzojrX0FxogQnhd2y4yMdVkwGtIACKhT6SMjSVK64asRBp2p_mHM
商品图.jpeg,https://aicunchu-1394039784.cos.ap-guangzhou.myqcloud.com/image/%E5%95%86%E5%93%81%E5%9B%BE.jpeg?q-sign-algorithm=sha1&q-ak=AKIDNwepPWiR959XaEWU9fs96kswK-qdxDIby5G5jSPmfK_IbGMTqKRmKTEVQSPrNg9i&q-sign-time=1767365000;1767368600&q-key-time=1767365000;1767368600&q-header-list=host&q-url-param-list=&q-signature=ad021eafb8b413d434927df6e53fbc840096fc9e&x-cos-security-token=YI7Be0o0IOd0Ml0jL7HnhcZYJz7gXOpa340b1363b46707e3170dcace624508c2v--7b-y27dzCeAa2Hwn1RKk3rqBOX74nH-gSC6KJ_H9yg6RilQU_iqcDpkJ_Uxtm7ukQdQBclmtmBhBeBryHcgW3DuK4pgygcD9z7dRcBO_rQcyXOG3KnyqyuwMrSfU4c48HvJAAaNdh4rhj3fV0I95HgoS5HctaODXR0oWUuWr_yKvWBfEtf5jUBhH8YHDTO5NuKQ7cVK5ALDjU_9MyfJBDbrf-odYQBOtkg1wlBZJSiQJgFOR2cYSL_g4nYs-tEe72Z_GgStPnLRYNgePT2JwDu_VAVXuuqPp5yuQghnbK3ubTp8CInDOXYMGDLHR3pz3FD1P1VDNR5Vja7Lbdr59lZ35PID7rv_j8r3yHN1VuV4i4r8me5pF3_6rgl4vTJyWzPVnSSDCZ6sZnZNM3pYunY06p8-PWYOOfRHlt8u3LJBNpjiWUGsCWBjgWTRWAr6zurCVcrLZaOEa0k9SMaGVLi3vYrWZDXnbYxmcM-rGx1d6PhxUDYVK8LEeYgzbm1vM0qmbTpzT_0RuPYiLlkdUgF-3VnpjurhWLP2j4UesAyIGEZ2SF13jJM8_-VX83QL-gL91BUwZksAdM6MPA5IH-pNkwUTR-hheVNTaNRbWApBDZiOgVZxL0zAStpU5i8otJTrx5kaqkrkmPBn5GHb8R4IgmYrUja5K8Jlxeb2qFvQvUsE-k3nkEcXtq0q84kerLwpR7hNwDtGKgmpHJhJaFTLzLVTb_62pgPagt2nUCIo_TyY0q0RewZUz8jK9KHsy7icc7hcpiO14BszayUYL63OpAm6rDqCsBqvByv_W8xlExV_2XrJFg_saITVZQn_1Xt0wdNZ7WZ-bvIWdgozbm4H7DAiT5CIVtw79rY8NS8cFLdQfSqVkuyt0XST-jIpY6TSr6fG_iCBWhDINIRQvvfLOFV7lao53Je-fiRkSNNjqCJlUY2pUyMetzXSegM5de3KDeVReb_efkJf-7EM_Pa1-XXKia19lqSMVv41CMDBbVqYiZ1h0D54WpEZMpE9V0Ih4-3DQKTSDba0eHx8-cb1y_-5n9a8aD5Ew-xmEojIJP1VK89MlOXyxGnd3lhWKvqHRzUxEqtegmBILMAYGW65YXFhWb4Gt1tmpzW7hALF0TDFqtT2WuJyhQYsBuii9si5BAVFmnDhYXDipPV9wmORoyTHqOGHjE9JZ1LUVQJt7wAfAqEdTpzojrX0FxogQnhd2y4yMdVkwGtIACKhT6SMjSVK64asRBp2p_mHM
岳阳楼黄鹤楼结构解说图.png,https://aicunchu-1394039784.cos.ap-guangzhou.myqcloud.com/image/%E5%B2%B3%E9%98%B3%E6%A5%BC%E9%BB%84%E9%B9%A4%E6%A5%BC%E7%BB%93%E6%9E%84%E8%A7%A3%E8%AF%B4%E5%9B%BE.png?q-sign-algorithm=sha1&q-ak=AKIDNwepPWiR959XaEWU9fs96kswK-qdxDIby5G5jSPmfK_IbGMTqKRmKTEVQSPrNg9i&q-sign-time=1767365000;1767368600&q-key-time=1767365000;1767368600&q-header-list=host&q-url-param-list=&q-signature=7eef9f77c4a1182d9256750498896c23efece309&x-cos-security-token=YI7Be0o0IOd0Ml0jL7HnhcZYJz7gXOpa340b1363b46707e3170dcace624508c2v--7b-y27dzCeAa2Hwn1RKk3rqBOX74nH-gSC6KJ_H9yg6RilQU_iqcDpkJ_Uxtm7ukQdQBclmtmBhBeBryHcgW3DuK4pgygcD9z7dRcBO_rQcyXOG3KnyqyuwMrSfU4c48HvJAAaNdh4rhj3fV0I95HgoS5HctaODXR0oWUuWr_yKvWBfEtf5jUBhH8YHDTO5NuKQ7cVK5ALDjU_9MyfJBDbrf-odYQBOtkg1wlBZJSiQJgFOR2cYSL_g4nYs-tEe72Z_GgStPnLRYNgePT2JwDu_VAVXuuqPp5yuQghnbK3ubTp8CInDOXYMGDLHR3pz3FD1P1VDNR5Vja7Lbdr59lZ35PID7rv_j8r3yHN1VuV4i4r8me5pF3_6rgl4vTJyWzPVnSSDCZ6sZnZNM3pYunY06p8-PWYOOfRHlt8u3LJBNpjiWUGsCWBjgWTRWAr6zurCVcrLZaOEa0k9SMaGVLi3vYrWZDXnbYxmcM-rGx1d6PhxUDYVK8LEeYgzbm1vM0qmbTpzT_0RuPYiLlkdUgF-3VnpjurhWLP2j4UesAyIGEZ2SF13jJM8_-VX83QL-gL91BUwZksAdM6MPA5IH-pNkwUTR-hheVNTaNRbWApBDZiOgVZxL0zAStpU5i8otJTrx5kaqkrkmPBn5GHb8R4IgmYrUja5K8Jlxeb2qFvQvUsE-k3nkEcXtq0q84kerLwpR7hNwDtGKgmpHJhJaFTLzLVTb_62pgPagt2nUCIo_TyY0q0RewZUz8jK9KHsy7icc7hcpiO14BszayUYL63OpAm6rDqCsBqvByv_W8xlExV_2XrJFg_saITVZQn_1Xt0wdNZ7WZ-bvIWdgozbm4H7DAiT5CIVtw79rY8NS8cFLdQfSqVkuyt0XST-jIpY6TSr6fG_iCBWhDINIRQvvfLOFV7lao53Je-fiRkSNNjqCJlUY2pUyMetzXSegM5de3KDeVReb_efkJf-7EM_Pa1-XXKia19lqSMVv41CMDBbVqYiZ1h0D54WpEZMpE9V0Ih4-3DQKTSDba0eHx8-cb1y_-5n9a8aD5Ew-xmEojIJP1VK89MlOXyxGnd3lhWKvqHRzUxEqtegmBILMAYGW65YXFhWb4Gt1tmpzW7hALF0TDFqtT2WuJyhQYsBuii9si5BAVFmnDhYXDipPV9wmORoyTHqOGHjE9JZ1LUVQJt7wAfAqEdTpzojrX0FxogQnhd2y4yMdVkwGtIACKhT6SMjSVK64asRBp2p_mHM
拼豆成图.png,https://aicunchu-1394039784.cos.ap-guangzhou.myqcloud.com/image/%E6%8B%BC%E8%B1%86%E6%88%90%E5%9B%BE.png?q-sign-algorithm=sha1&q-ak=AKIDNwepPWiR959XaEWU9fs96kswK-qdxDIby5G5jSPmfK_IbGMTqKRmKTEVQSPrNg9i&q-sign-time=1767365000;1767368600&q-key-time=1767365000;1767368600&q-header-list=host&q-url-param-list=&q-signature=a1b7de970e1d46c66fdf2f5685f203f7f6f98c2b&x-cos-security-token=YI7Be0o0IOd0Ml0jL7HnhcZYJz7gXOpa340b1363b46707e3170dcace624508c2v--7b-y27dzCeAa2Hwn1RKk3rqBOX74nH-gSC6KJ_H9yg6RilQU_iqcDpkJ_Uxtm7ukQdQBclmtmBhBeBryHcgW3DuK4pgygcD9z7dRcBO_rQcyXOG3KnyqyuwMrSfU4c48HvJAAaNdh4rhj3fV0I95HgoS5HctaODXR0oWUuWr_yKvWBfEtf5jUBhH8YHDTO5NuKQ7cVK5ALDjU_9MyfJBDbrf-odYQBOtkg1wlBZJSiQJgFOR2cYSL_g4nYs-tEe72Z_GgStPnLRYNgePT2JwDu_VAVXuuqPp5yuQghnbK3ubTp8CInDOXYMGDLHR3pz3FD1P1VDNR5Vja7Lbdr59lZ35PID7rv_j8r3yHN1VuV4i4r8me5pF3_6rgl4vTJyWzPVnSSDCZ6sZnZNM3pYunY06p8-PWYOOfRHlt8u3LJBNpjiWUGsCWBjgWTRWAr6zurCVcrLZaOEa0k9SMaGVLi3vYrWZDXnbYxmcM-rGx1d6PhxUDYVK8LEeYgzbm1vM0qmbTpzT_0RuPYiLlkdUgF-3VnpjurhWLP2j4UesAyIGEZ2SF13jJM8_-VX83QL-gL91BUwZksAdM6MPA5IH-pNkwUTR-hheVNTaNRbWApBDZiOgVZxL0zAStpU5i8otJTrx5kaqkrkmPBn5GHb8R4IgmYrUja5K8Jlxeb2qFvQvUsE-k3nkEcXtq0q84kerLwpR7hNwDtGKgmpHJhJaFTLzLVTb_62pgPagt2nUCIo_TyY0q0RewZUz8jK9KHsy7icc7hcpiO14BszayUYL63OpAm6rDqCsBqvByv_W8xlExV_2XrJFg_saITVZQn_1Xt0wdNZ7WZ-bvIWdgozbm4H7DAiT5CIVtw79rY8NS8cFLdQfSqVkuyt0XST-jIpY6TSr6fG_iCBWhDINIRQvvfLOFV7lao53Je-fiRkSNNjqCJlUY2pUyMetzXSegM5de3KDeVReb_efkJf-7EM_Pa1-XXKia19lqSMVv41CMDBbVqYiZ1h0D54WpEZMpE9V0Ih4-3DQKTSDba0eHx8-cb1y_-5n9a8aD5Ew-xmEojIJP1VK89MlOXyxGnd3lhWKvqHRzUxEqtegmBILMAYGW65YXFhWb4Gt1tmpzW7hALF0TDFqtT2WuJyhQYsBuii9si5BAVFmnDhYXDipPV9wmORoyTHqOGHjE9JZ1LUVQJt7wAfAqEdTpzojrX0FxogQnhd2y4yMdVkwGtIACKhT6SMjSVK64asRBp2p_mHM
明朝北京俯瞰图.png,https://aicunchu-1394039784.cos.ap-guangzhou.myqcloud.com/image/%E6%98%8E%E6%9C%9D%E5%8C%97%E4%BA%AC%E4%BF%AF%E7%9E%B0%E5%9B%BE.png?q-sign-algorithm=sha1&q-ak=AKIDNwepPWiR959XaEWU9fs96kswK-qdxDIby5G5jSPmfK_IbGMTqKRmKTEVQSPrNg9i&q-sign-time=1767365000;1767368600&q-key-time=1767365000;1767368600&q-header-list=host&q-url-param-list=&q-signature=83d04323012e0e67c95c2ed90eba6190d7da6d47&x-cos-security-token=YI7Be0o0IOd0Ml0jL7HnhcZYJz7gXOpa340b1363b46707e3170dcace624508c2v--7b-y27dzCeAa2Hwn1RKk3rqBOX74nH-gSC6KJ_H9yg6RilQU_iqcDpkJ_Uxtm7ukQdQBclmtmBhBeBryHcgW3DuK4pgygcD9z7dRcBO_rQcyXOG3KnyqyuwMrSfU4c48HvJAAaNdh4rhj3fV0I95HgoS5HctaODXR0oWUuWr_yKvWBfEtf5jUBhH8YHDTO5NuKQ7cVK5ALDjU_9MyfJBDbrf-odYQBOtkg1wlBZJSiQJgFOR2cYSL_g4nYs-tEe72Z_GgStPnLRYNgePT2JwDu_VAVXuuqPp5yuQghnbK3ubTp8CInDOXYMGDLHR3pz3FD1P1VDNR5Vja7Lbdr59lZ35PID7rv_j8r3yHN1VuV4i4r8me5pF3_6rgl4vTJyWzPVnSSDCZ6sZnZNM3pYunY06p8-PWYOOfRHlt8u3LJBNpjiWUGsCWBjgWTRWAr6zurCVcrLZaOEa0k9SMaGVLi3vYrWZDXnbYxmcM-rGx1d6PhxUDYVK8LEeYgzbm1vM0qmbTpzT_0RuPYiLlkdUgF-3VnpjurhWLP2j4UesAyIGEZ2SF13jJM8_-VX83QL-gL91BUwZksAdM6MPA5IH-pNkwUTR-hheVNTaNRbWApBDZiOgVZxL0zAStpU5i8otJTrx5kaqkrkmPBn5GHb8R4IgmYrUja5K8Jlxeb2qFvQvUsE-k3nkEcXtq0q84kerLwpR7hNwDtGKgmpHJhJaFTLzLVTb_62pgPagt2nUCIo_TyY0q0RewZUz8jK9KHsy7icc7hcpiO14BszayUYL63OpAm6rDqCsBqvByv_W8xlExV_2XrJFg_saITVZQn_1Xt0wdNZ7WZ-bvIWdgozbm4H7DAiT5CIVtw79rY8NS8cFLdQfSqVkuyt0XST-jIpY6TSr6fG_iCBWhDINIRQvvfLOFV7lao53Je-fiRkSNNjqCJlUY2pUyMetzXSegM5de3KDeVReb_efkJf-7EM_Pa1-XXKia19lqSMVv41CMDBbVqYiZ1h0D54WpEZMpE9V0Ih4-3DQKTSDba0eHx8-cb1y_-5n9a8aD5Ew-xmEojIJP1VK89MlOXyxGnd3lhWKvqHRzUxEqtegmBILMAYGW65YXFhWb4Gt1tmpzW7hALF0TDFqtT2WuJyhQYsBuii9si5BAVFmnDhYXDipPV9wmORoyTHqOGHjE9JZ1LUVQJt7wAfAqEdTpzojrX0FxogQnhd2y4yMdVkwGtIACKhT6SMjSVK64asRBp2p_mHM
最后插画8.png,https://aicunchu-1394039784.cos.ap-guangzhou.myqcloud.com/image/%E6%9C%80%E5%90%8E%E6%8F%92%E7%94%BB8.png?q-sign-algorithm=sha1&q-ak=AKIDNwepPWiR959XaEWU9fs96kswK-qdxDIby5G5jSPmfK_IbGMTqKRmKTEVQSPrNg9i&q-sign-time=1767365000;1767368600&q-key-time=1767365000;1767368600&q-header-list=host&q-url-param-list=&q-signature=e6a50470fc157113a5e3f7d463261bc26fc3f796&x-cos-security-token=YI7Be0o0IOd0Ml0jL7HnhcZYJz7gXOpa340b1363b46707e3170dcace624508c2v--7b-y27dzCeAa2Hwn1RKk3rqBOX74nH-gSC6KJ_H9yg6RilQU_iqcDpkJ_Uxtm7ukQdQBclmtmBhBeBryHcgW3DuK4pgygcD9z7dRcBO_rQcyXOG3KnyqyuwMrSfU4c48HvJAAaNdh4rhj3fV0I95HgoS5HctaODXR0oWUuWr_yKvWBfEtf5jUBhH8YHDTO5NuKQ7cVK5ALDjU_9MyfJBDbrf-odYQBOtkg1wlBZJSiQJgFOR2cYSL_g4nYs-tEe72Z_GgStPnLRYNgePT2JwDu_VAVXuuqPp5yuQghnbK3ubTp8CInDOXYMGDLHR3pz3FD1P1VDNR5Vja7Lbdr59lZ35PID7rv_j8r3yHN1VuV4i4r8me5pF3_6rgl4vTJyWzPVnSSDCZ6sZnZNM3pYunY06p8-PWYOOfRHlt8u3LJBNpjiWUGsCWBjgWTRWAr6zurCVcrLZaOEa0k9SMaGVLi3vYrWZDXnbYxmcM-rGx1d6PhxUDYVK8LEeYgzbm1vM0qmbTpzT_0RuPYiLlkdUgF-3VnpjurhWLP2j4UesAyIGEZ2SF13jJM8_-VX83QL-gL91BUwZksAdM6MPA5IH-pNkwUTR-hheVNTaNRbWApBDZiOgVZxL0zAStpU5i8otJTrx5kaqkrkmPBn5GHb8R4IgmYrUja5K8Jlxeb2qFvQvUsE-k3nkEcXtq0q84kerLwpR7hNwDtGKgmpHJhJaFTLzLVTb_62pgPagt2nUCIo_TyY0q0RewZUz8jK9KHsy7icc7hcpiO14BszayUYL63OpAm6rDqCsBqvByv_W8xlExV_2XrJFg_saITVZQn_1Xt0wdNZ7WZ-bvIWdgozbm4H7DAiT5CIVtw79rY8NS8cFLdQfSqVkuyt0XST-jIpY6TSr6fG_iCBWhDINIRQvvfLOFV7lao53Je-fiRkSNNjqCJlUY2pUyMetzXSegM5de3KDeVReb_efkJf-7EM_Pa1-XXKia19lqSMVv41CMDBbVqYiZ1h0D54WpEZMpE9V0Ih4-3DQKTSDba0eHx8-cb1y_-5n9a8aD5Ew-xmEojIJP1VK89MlOXyxGnd3lhWKvqHRzUxEqtegmBILMAYGW65YXFhWb4Gt1tmpzW7hALF0TDFqtT2WuJyhQYsBuii9si5BAVFmnDhYXDipPV9wmORoyTHqOGHjE9JZ1LUVQJt7wAfAqEdTpzojrX0FxogQnhd2y4yMdVkwGtIACKhT6SMjSVK64asRBp2p_mHM
气泡动力7.png,https://aicunchu-1394039784.cos.ap-guangzhou.myqcloud.com/image/%E6%B0%94%E6%B3%A1%E5%8A%A8%E5%8A%9B7.png?q-sign-algorithm=sha1&q-ak=AKIDNwepPWiR959XaEWU9fs96kswK-qdxDIby5G5jSPmfK_IbGMTqKRmKTEVQSPrNg9i&q-sign-time=1767365000;1767368600&q-key-time=1767365000;1767368600&q-header-list=host&q-url-param-list=&q-signature=d5c1937b441ad391518ef0ccf734c3ba064bc4fd&x-cos-security-token=YI7Be0o0IOd0Ml0jL7HnhcZYJz7gXOpa340b1363b46707e3170dcace624508c2v--7b-y27dzCeAa2Hwn1RKk3rqBOX74nH-gSC6KJ_H9yg6RilQU_iqcDpkJ_Uxtm7ukQdQBclmtmBhBeBryHcgW3DuK4pgygcD9z7dRcBO_rQcyXOG3KnyqyuwMrSfU4c48HvJAAaNdh4rhj3fV0I95HgoS5HctaODXR0oWUuWr_yKvWBfEtf5jUBhH8YHDTO5NuKQ7cVK5ALDjU_9MyfJBDbrf-odYQBOtkg1wlBZJSiQJgFOR2cYSL_g4nYs-tEe72Z_GgStPnLRYNgePT2JwDu_VAVXuuqPp5yuQghnbK3ubTp8CInDOXYMGDLHR3pz3FD1P1VDNR5Vja7Lbdr59lZ35PID7rv_j8r3yHN1VuV4i4r8me5pF3_6rgl4vTJyWzPVnSSDCZ6sZnZNM3pYunY06p8-PWYOOfRHlt8u3LJBNpjiWUGsCWBjgWTRWAr6zurCVcrLZaOEa0k9SMaGVLi3vYrWZDXnbYxmcM-rGx1d6PhxUDYVK8LEeYgzbm1vM0qmbTpzT_0RuPYiLlkdUgF-3VnpjurhWLP2j4UesAyIGEZ2SF13jJM8_-VX83QL-gL91BUwZksAdM6MPA5IH-pNkwUTR-hheVNTaNRbWApBDZiOgVZxL0zAStpU5i8otJTrx5kaqkrkmPBn5GHb8R4IgmYrUja5K8Jlxeb2qFvQvUsE-k3nkEcXtq0q84kerLwpR7hNwDtGKgmpHJhJaFTLzLVTb_62pgPagt2nUCIo_TyY0q0RewZUz8jK9KHsy7icc7hcpiO14BszayUYL63OpAm6rDqCsBqvByv_W8xlExV_2XrJFg_saITVZQn_1Xt0wdNZ7WZ-bvIWdgozbm4H7DAiT5CIVtw79rY8NS8cFLdQfSqVkuyt0XST-jIpY6TSr6fG_iCBWhDINIRQvvfLOFV7lao53Je-fiRkSNNjqCJlUY2pUyMetzXSegM5de3KDeVReb_efkJf-7EM_Pa1-XXKia19lqSMVv41CMDBbVqYiZ1h0D54WpEZMpE9V0Ih4-3DQKTSDba0eHx8-cb1y_-5n9a8aD5Ew-xmEojIJP1VK89MlOXyxGnd3lhWKvqHRzUxEqtegmBILMAYGW65YXFhWb4Gt1tmpzW7hALF0TDFqtT2WuJyhQYsBuii9si5BAVFmnDhYXDipPV9wmORoyTHqOGHjE9JZ1LUVQJt7wAfAqEdTpzojrX0FxogQnhd2y4yMdVkwGtIACKhT6SMjSVK64asRBp2p_mHM
清明上河图风格明朝北京俯瞰图.png,https://aicunchu-1394039784.cos.ap-guangzhou.myqcloud.com/image/%E6%B8%85%E6%98%8E%E4%B8%8A%E6%B2%B3%E5%9B%BE%E9%A3%8E%E6%A0%BC%E6%98%8E%E6%9C%9D%E5%8C%97%E4%BA%AC%E4%BF%AF%E7%9E%B0%E5%9B%BE.png?q-sign-algorithm=sha1&q-ak=AKIDNwepPWiR959XaEWU9fs96kswK-qdxDIby5G5jSPmfK_IbGMTqKRmKTEVQSPrNg9i&q-sign-time=1767365000;1767368600&q-key-time=1767365000;1767368600&q-header-list=host&q-url-param-list=&q-signature=01d6e50cdd6c4eb5195bae272d9ba135bddffd21&x-cos-security-token=YI7Be0o0IOd0Ml0jL7HnhcZYJz7gXOpa340b1363b46707e3170dcace624508c2v--7b-y27dzCeAa2Hwn1RKk3rqBOX74nH-gSC6KJ_H9yg6RilQU_iqcDpkJ_Uxtm7ukQdQBclmtmBhBeBryHcgW3DuK4pgygcD9z7dRcBO_rQcyXOG3KnyqyuwMrSfU4c48HvJAAaNdh4rhj3fV0I95HgoS5HctaODXR0oWUuWr_yKvWBfEtf5jUBhH8YHDTO5NuKQ7cVK5ALDjU_9MyfJBDbrf-odYQBOtkg1wlBZJSiQJgFOR2cYSL_g4nYs-tEe72Z_GgStPnLRYNgePT2JwDu_VAVXuuqPp5yuQghnbK3ubTp8CInDOXYMGDLHR3pz3FD1P1VDNR5Vja7Lbdr59lZ35PID7rv_j8r3yHN1VuV4i4r8me5pF3_6rgl4vTJyWzPVnSSDCZ6sZnZNM3pYunY06p8-PWYOOfRHlt8u3LJBNpjiWUGsCWBjgWTRWAr6zurCVcrLZaOEa0k9SMaGVLi3vYrWZDXnbYxmcM-rGx1d6PhxUDYVK8LEeYgzbm1vM0qmbTpzT_0RuPYiLlkdUgF-3VnpjurhWLP2j4UesAyIGEZ2SF13jJM8_-VX83QL-gL91BUwZksAdM6MPA5IH-pNkwUTR-hheVNTaNRbWApBDZiOgVZxL0zAStpU5i8otJTrx5kaqkrkmPBn5GHb8R4IgmYrUja5K8Jlxeb2qFvQvUsE-k3nkEcXtq0q84kerLwpR7hNwDtGKgmpHJhJaFTLzLVTb_62pgPagt2nUCIo_TyY0q0RewZUz8jK9KHsy7icc7hcpiO14BszayUYL63OpAm6rDqCsBqvByv_W8xlExV_2XrJFg_saITVZQn_1Xt0wdNZ7WZ-bvIWdgozbm4H7DAiT5CIVtw79rY8NS8cFLdQfSqVkuyt0XST-jIpY6TSr6fG_iCBWhDINIRQvvfLOFV7lao53Je-fiRkSNNjqCJlUY2pUyMetzXSegM5de3KDeVReb_efkJf-7EM_Pa1-XXKia19lqSMVv41CMDBbVqYiZ1h0D54WpEZMpE9V0Ih4-3DQKTSDba0eHx8-cb1y_-5n9a8aD5Ew-xmEojIJP1VK89MlOXyxGnd3lhWKvqHRzUxEqtegmBILMAYGW65YXFhWb4Gt1tmpzW7hALF0TDFqtT2WuJyhQYsBuii9si5BAVFmnDhYXDipPV9wmORoyTHqOGHjE9JZ1LUVQJt7wAfAqEdTpzojrX0FxogQnhd2y4yMdVkwGtIACKhT6SMjSVK64asRBp2p_mHM
特写1.png,https://aicunchu-1394039784.cos.ap-guangzhou.myqcloud.com/image/%E7%89%B9%E5%86%991.png?q-sign-algorithm=sha1&q-ak=AKIDNwepPWiR959XaEWU9fs96kswK-qdxDIby5G5jSPmfK_IbGMTqKRmKTEVQSPrNg9i&q-sign-time=1767365000;1767368600&q-key-time=1767365000;1767368600&q-header-list=host&q-url-param-list=&q-signature=85eca4ee380fe4b49b5dd7ef7a0cb8dac6f27455&x-cos-security-token=YI7Be0o0IOd0Ml0jL7HnhcZYJz7gXOpa340b1363b46707e3170dcace624508c2v--7b-y27dzCeAa2Hwn1RKk3rqBOX74nH-gSC6KJ_H9yg6RilQU_iqcDpkJ_Uxtm7ukQdQBclmtmBhBeBryHcgW3DuK4pgygcD9z7dRcBO_rQcyXOG3KnyqyuwMrSfU4c48HvJAAaNdh4rhj3fV0I95HgoS5HctaODXR0oWUuWr_yKvWBfEtf5jUBhH8YHDTO5NuKQ7cVK5ALDjU_9MyfJBDbrf-odYQBOtkg1wlBZJSiQJgFOR2cYSL_g4nYs-tEe72Z_GgStPnLRYNgePT2JwDu_VAVXuuqPp5yuQghnbK3ubTp8CInDOXYMGDLHR3pz3FD1P1VDNR5Vja7Lbdr59lZ35PID7rv_j8r3yHN1VuV4i4r8me5pF3_6rgl4vTJyWzPVnSSDCZ6sZnZNM3pYunY06p8-PWYOOfRHlt8u3LJBNpjiWUGsCWBjgWTRWAr6zurCVcrLZaOEa0k9SMaGVLi3vYrWZDXnbYxmcM-rGx1d6PhxUDYVK8LEeYgzbm1vM0qmbTpzT_0RuPYiLlkdUgF-3VnpjurhWLP2j4UesAyIGEZ2SF13jJM8_-VX83QL-gL91BUwZksAdM6MPA5IH-pNkwUTR-hheVNTaNRbWApBDZiOgVZxL0zAStpU5i8otJTrx5kaqkrkmPBn5GHb8R4IgmYrUja5K8Jlxeb2qFvQvUsE-k3nkEcXtq0q84kerLwpR7hNwDtGKgmpHJhJaFTLzLVTb_62pgPagt2nUCIo_TyY0q0RewZUz8jK9KHsy7icc7hcpiO14BszayUYL63OpAm6rDqCsBqvByv_W8xlExV_2XrJFg_saITVZQn_1Xt0wdNZ7WZ-bvIWdgozbm4H7DAiT5CIVtw79rY8NS8cFLdQfSqVkuyt0XST-jIpY6TSr6fG_iCBWhDINIRQvvfLOFV7lao53Je-fiRkSNNjqCJlUY2pUyMetzXSegM5de3KDeVReb_efkJf-7EM_Pa1-XXKia19lqSMVv41CMDBbVqYiZ1h0D54WpEZMpE9V0Ih4-3DQKTSDba0eHx8-cb1y_-5n9a8aD5Ew-xmEojIJP1VK89MlOXyxGnd3lhWKvqHRzUxEqtegmBILMAYGW65YXFhWb4Gt1tmpzW7hALF0TDFqtT2WuJyhQYsBuii9si5BAVFmnDhYXDipPV9wmORoyTHqOGHjE9JZ1LUVQJt7wAfAqEdTpzojrX0FxogQnhd2y4yMdVkwGtIACKhT6SMjSVK64asRBp2p_mHM
特写2.png,https://aicunchu-1394039784.cos.ap-guangzhou.myqcloud.com/image/%E7%89%B9%E5%86%992.png?q-sign-algorithm=sha1&q-ak=AKIDNwepPWiR959XaEWU9fs96kswK-qdxDIby5G5jSPmfK_IbGMTqKRmKTEVQSPrNg9i&q-sign-time=1767365000;1767368600&q-key-time=1767365000;1767368600&q-header-list=host&q-url-param-list=&q-signature=3a39d43ab6388fb4f388658d00142ca2be95595b&x-cos-security-token=YI7Be0o0IOd0Ml0jL7HnhcZYJz7gXOpa340b1363b46707e3170dcace624508c2v--7b-y27dzCeAa2Hwn1RKk3rqBOX74nH-gSC6KJ_H9yg6RilQU_iqcDpkJ_Uxtm7ukQdQBclmtmBhBeBryHcgW3DuK4pgygcD9z7dRcBO_rQcyXOG3KnyqyuwMrSfU4c48HvJAAaNdh4rhj3fV0I95HgoS5HctaODXR0oWUuWr_yKvWBfEtf5jUBhH8YHDTO5NuKQ7cVK5ALDjU_9MyfJBDbrf-odYQBOtkg1wlBZJSiQJgFOR2cYSL_g4nYs-tEe72Z_GgStPnLRYNgePT2JwDu_VAVXuuqPp5yuQghnbK3ubTp8CInDOXYMGDLHR3pz3FD1P1VDNR5Vja7Lbdr59lZ35PID7rv_j8r3yHN1VuV4i4r8me5pF3_6rgl4vTJyWzPVnSSDCZ6sZnZNM3pYunY06p8-PWYOOfRHlt8u3LJBNpjiWUGsCWBjgWTRWAr6zurCVcrLZaOEa0k9SMaGVLi3vYrWZDXnbYxmcM-rGx1d6PhxUDYVK8LEeYgzbm1vM0qmbTpzT_0RuPYiLlkdUgF-3VnpjurhWLP2j4UesAyIGEZ2SF13jJM8_-VX83QL-gL91BUwZksAdM6MPA5IH-pNkwUTR-hheVNTaNRbWApBDZiOgVZxL0zAStpU5i8otJTrx5kaqkrkmPBn5GHb8R4IgmYrUja5K8Jlxeb2qFvQvUsE-k3nkEcXtq0q84kerLwpR7hNwDtGKgmpHJhJaFTLzLVTb_62pgPagt2nUCIo_TyY0q0RewZUz8jK9KHsy7icc7hcpiO14BszayUYL63OpAm6rDqCsBqvByv_W8xlExV_2XrJFg_saITVZQn_1Xt0wdNZ7WZ-bvIWdgozbm4H7DAiT5CIVtw79rY8NS8cFLdQfSqVkuyt0XST-jIpY6TSr6fG_iCBWhDINIRQvvfLOFV7lao53Je-fiRkSNNjqCJlUY2pUyMetzXSegM5de3KDeVReb_efkJf-7EM_Pa1-XXKia19lqSMVv41CMDBbVqYiZ1h0D54WpEZMpE9V0Ih4-3DQKTSDba0eHx8-cb1y_-5n9a8aD5Ew-xmEojIJP1VK89MlOXyxGnd3lhWKvqHRzUxEqtegmBILMAYGW65YXFhWb4Gt1tmpzW7hALF0TDFqtT2WuJyhQYsBuii9si5BAVFmnDhYXDipPV9wmORoyTHqOGHjE9JZ1LUVQJt7wAfAqEdTpzojrX0FxogQnhd2y4yMdVkwGtIACKhT6SMjSVK64asRBp2p_mHM
生活场景0.png,https://aicunchu-1394039784.cos.ap-guangzhou.myqcloud.com/image/%E7%94%9F%E6%B4%BB%E5%9C%BA%E6%99%AF0.png?q-sign-algorithm=sha1&q-ak=AKIDNwepPWiR959XaEWU9fs96kswK-qdxDIby5G5jSPmfK_IbGMTqKRmKTEVQSPrNg9i&q-sign-time=1767365000;1767368600&q-key-time=1767365000;1767368600&q-header-list=host&q-url-param-list=&q-signature=a044fafad205ae9b3415999f318d489534e019f2&x-cos-security-token=YI7Be0o0IOd0Ml0jL7HnhcZYJz7gXOpa340b1363b46707e3170dcace624508c2v--7b-y27dzCeAa2Hwn1RKk3rqBOX74nH-gSC6KJ_H9yg6RilQU_iqcDpkJ_Uxtm7ukQdQBclmtmBhBeBryHcgW3DuK4pgygcD9z7dRcBO_rQcyXOG3KnyqyuwMrSfU4c48HvJAAaNdh4rhj3fV0I95HgoS5HctaODXR0oWUuWr_yKvWBfEtf5jUBhH8YHDTO5NuKQ7cVK5ALDjU_9MyfJBDbrf-odYQBOtkg1wlBZJSiQJgFOR2cYSL_g4nYs-tEe72Z_GgStPnLRYNgePT2JwDu_VAVXuuqPp5yuQghnbK3ubTp8CInDOXYMGDLHR3pz3FD1P1VDNR5Vja7Lbdr59lZ35PID7rv_j8r3yHN1VuV4i4r8me5pF3_6rgl4vTJyWzPVnSSDCZ6sZnZNM3pYunY06p8-PWYOOfRHlt8u3LJBNpjiWUGsCWBjgWTRWAr6zurCVcrLZaOEa0k9SMaGVLi3vYrWZDXnbYxmcM-rGx1d6PhxUDYVK8LEeYgzbm1vM0qmbTpzT_0RuPYiLlkdUgF-3VnpjurhWLP2j4UesAyIGEZ2SF13jJM8_-VX83QL-gL91BUwZksAdM6MPA5IH-pNkwUTR-hheVNTaNRbWApBDZiOgVZxL0zAStpU5i8otJTrx5kaqkrkmPBn5GHb8R4IgmYrUja5K8Jlxeb2qFvQvUsE-k3nkEcXtq0q84kerLwpR7hNwDtGKgmpHJhJaFTLzLVTb_62pgPagt2nUCIo_TyY0q0RewZUz8jK9KHsy7icc7hcpiO14BszayUYL63OpAm6rDqCsBqvByv_W8xlExV_2XrJFg_saITVZQn_1Xt0wdNZ7WZ-bvIWdgozbm4H7DAiT5CIVtw79rY8NS8cFLdQfSqVkuyt0XST-jIpY6TSr6fG_iCBWhDINIRQvvfLOFV7lao53Je-fiRkSNNjqCJlUY2pUyMetzXSegM5de3KDeVReb_efkJf-7EM_Pa1-XXKia19lqSMVv41CMDBbVqYiZ1h0D54WpEZMpE9V0Ih4-3DQKTSDba0eHx8-cb1y_-5n9a8aD5Ew-xmEojIJP1VK89MlOXyxGnd3lhWKvqHRzUxEqtegmBILMAYGW65YXFhWb4Gt1tmpzW7hALF0TDFqtT2WuJyhQYsBuii9si5BAVFmnDhYXDipPV9wmORoyTHqOGHjE9JZ1LUVQJt7wAfAqEdTpzojrX0FxogQnhd2y4yMdVkwGtIACKhT6SMjSVK64asRBp2p_mHM
知更鸟.png,https://aicunchu-1394039784.cos.ap-guangzhou.myqcloud.com/image/%E7%9F%A5%E6%9B%B4%E9%B8%9F.png?q-sign-algorithm=sha1&q-ak=AKIDNwepPWiR959XaEWU9fs96kswK-qdxDIby5G5jSPmfK_IbGMTqKRmKTEVQSPrNg9i&q-sign-time=1767365000;1767368600&q-key-time=1767365000;1767368600&q-header-list=host&q-url-param-list=&q-signature=61d1821e0fca1352be9365834d59b268e3149087&x-cos-security-token=YI7Be0o0IOd0Ml0jL7HnhcZYJz7gXOpa340b1363b46707e3170dcace624508c2v--7b-y27dzCeAa2Hwn1RKk3rqBOX74nH-gSC6KJ_H9yg6RilQU_iqcDpkJ_Uxtm7ukQdQBclmtmBhBeBryHcgW3DuK4pgygcD9z7dRcBO_rQcyXOG3KnyqyuwMrSfU4c48HvJAAaNdh4rhj3fV0I95HgoS5HctaODXR0oWUuWr_yKvWBfEtf5jUBhH8YHDTO5NuKQ7cVK5ALDjU_9MyfJBDbrf-odYQBOtkg1wlBZJSiQJgFOR2cYSL_g4nYs-tEe72Z_GgStPnLRYNgePT2JwDu_VAVXuuqPp5yuQghnbK3ubTp8CInDOXYMGDLHR3pz3FD1P1VDNR5Vja7Lbdr59lZ35PID7rv_j8r3yHN1VuV4i4r8me5pF3_6rgl4vTJyWzPVnSSDCZ6sZnZNM3pYunY06p8-PWYOOfRHlt8u3LJBNpjiWUGsCWBjgWTRWAr6zurCVcrLZaOEa0k9SMaGVLi3vYrWZDXnbYxmcM-rGx1d6PhxUDYVK8LEeYgzbm1vM0qmbTpzT_0RuPYiLlkdUgF-3VnpjurhWLP2j4UesAyIGEZ2SF13jJM8_-VX83QL-gL91BUwZksAdM6MPA5IH-pNkwUTR-hheVNTaNRbWApBDZiOgVZxL0zAStpU5i8otJTrx5kaqkrkmPBn5GHb8R4IgmYrUja5K8Jlxeb2qFvQvUsE-k3nkEcXtq0q84kerLwpR7hNwDtGKgmpHJhJaFTLzLVTb_62pgPagt2nUCIo_TyY0q0RewZUz8jK9KHsy7icc7hcpiO14BszayUYL63OpAm6rDqCsBqvByv_W8xlExV_2XrJFg_saITVZQn_1Xt0wdNZ7WZ-bvIWdgozbm4H7DAiT5CIVtw79rY8NS8cFLdQfSqVkuyt0XST-jIpY6TSr6fG_iCBWhDINIRQvvfLOFV7lao53Je-fiRkSNNjqCJlUY2pUyMetzXSegM5de3KDeVReb_efkJf-7EM_Pa1-XXKia19lqSMVv41CMDBbVqYiZ1h0D54WpEZMpE9V0Ih4-3DQKTSDba0eHx8-cb1y_-5n9a8aD5Ew-xmEojIJP1VK89MlOXyxGnd3lhWKvqHRzUxEqtegmBILMAYGW65YXFhWb4Gt1tmpzW7hALF0TDFqtT2WuJyhQYsBuii9si5BAVFmnDhYXDipPV9wmORoyTHqOGHjE9JZ1LUVQJt7wAfAqEdTpzojrX0FxogQnhd2y4yMdVkwGtIACKhT6SMjSVK64asRBp2p_mHM
红烧鱼.png,https://aicunchu-1394039784.cos.ap-guangzhou.myqcloud.com/image/%E7%BA%A2%E7%83%A7%E9%B1%BC.png?q-sign-algorithm=sha1&q-ak=AKIDNwepPWiR959XaEWU9fs96kswK-qdxDIby5G5jSPmfK_IbGMTqKRmKTEVQSPrNg9i&q-sign-time=1767365000;1767368600&q-key-time=1767365000;1767368600&q-header-list=host&q-url-param-list=&q-signature=e8653be3d2dc44a9d4132c248072b9d89840affb&x-cos-security-token=YI7Be0o0IOd0Ml0jL7HnhcZYJz7gXOpa340b1363b46707e3170dcace624508c2v--7b-y27dzCeAa2Hwn1RKk3rqBOX74nH-gSC6KJ_H9yg6RilQU_iqcDpkJ_Uxtm7ukQdQBclmtmBhBeBryHcgW3DuK4pgygcD9z7dRcBO_rQcyXOG3KnyqyuwMrSfU4c48HvJAAaNdh4rhj3fV0I95HgoS5HctaODXR0oWUuWr_yKvWBfEtf5jUBhH8YHDTO5NuKQ7cVK5ALDjU_9MyfJBDbrf-odYQBOtkg1wlBZJSiQJgFOR2cYSL_g4nYs-tEe72Z_GgStPnLRYNgePT2JwDu_VAVXuuqPp5yuQghnbK3ubTp8CInDOXYMGDLHR3pz3FD1P1VDNR5Vja7Lbdr59lZ35PID7rv_j8r3yHN1VuV4i4r8me5pF3_6rgl4vTJyWzPVnSSDCZ6sZnZNM3pYunY06p8-PWYOOfRHlt8u3LJBNpjiWUGsCWBjgWTRWAr6zurCVcrLZaOEa0k9SMaGVLi3vYrWZDXnbYxmcM-rGx1d6PhxUDYVK8LEeYgzbm1vM0qmbTpzT_0RuPYiLlkdUgF-3VnpjurhWLP2j4UesAyIGEZ2SF13jJM8_-VX83QL-gL91BUwZksAdM6MPA5IH-pNkwUTR-hheVNTaNRbWApBDZiOgVZxL0zAStpU5i8otJTrx5kaqkrkmPBn5GHb8R4IgmYrUja5K8Jlxeb2qFvQvUsE-k3nkEcXtq0q84kerLwpR7hNwDtGKgmpHJhJaFTLzLVTb_62pgPagt2nUCIo_TyY0q0RewZUz8jK9KHsy7icc7hcpiO14BszayUYL63OpAm6rDqCsBqvByv_W8xlExV_2XrJFg_saITVZQn_1Xt0wdNZ7WZ-bvIWdgozbm4H7DAiT5CIVtw79rY8NS8cFLdQfSqVkuyt0XST-jIpY6TSr6fG_iCBWhDINIRQvvfLOFV7lao53Je-fiRkSNNjqCJlUY2pUyMetzXSegM5de3KDeVReb_efkJf-7EM_Pa1-XXKia19lqSMVv41CMDBbVqYiZ1h0D54WpEZMpE9V0Ih4-3DQKTSDba0eHx8-cb1y_-5n9a8aD5Ew-xmEojIJP1VK89MlOXyxGnd3lhWKvqHRzUxEqtegmBILMAYGW65YXFhWb4Gt1tmpzW7hALF0TDFqtT2WuJyhQYsBuii9si5BAVFmnDhYXDipPV9wmORoyTHqOGHjE9JZ1LUVQJt7wAfAqEdTpzojrX0FxogQnhd2y4yMdVkwGtIACKhT6SMjSVK64asRBp2p_mHM
细节特写3.png,https://aicunchu-1394039784.cos.ap-guangzhou.myqcloud.com/image/%E7%BB%86%E8%8A%82%E7%89%B9%E5%86%993.png?q-sign-algorithm=sha1&q-ak=AKIDNwepPWiR959XaEWU9fs96kswK-qdxDIby5G5jSPmfK_IbGMTqKRmKTEVQSPrNg9i&q-sign-time=1767365000;1767368600&q-key-time=1767365000;1767368600&q-header-list=host&q-url-param-list=&q-signature=80b222390e2bf3e5ab1b117358cfa9b00b3d6941&x-cos-security-token=YI7Be0o0IOd0Ml0jL7HnhcZYJz7gXOpa340b1363b46707e3170dcace624508c2v--7b-y27dzCeAa2Hwn1RKk3rqBOX74nH-gSC6KJ_H9yg6RilQU_iqcDpkJ_Uxtm7ukQdQBclmtmBhBeBryHcgW3DuK4pgygcD9z7dRcBO_rQcyXOG3KnyqyuwMrSfU4c48HvJAAaNdh4rhj3fV0I95HgoS5HctaODXR0oWUuWr_yKvWBfEtf5jUBhH8YHDTO5NuKQ7cVK5ALDjU_9MyfJBDbrf-odYQBOtkg1wlBZJSiQJgFOR2cYSL_g4nYs-tEe72Z_GgStPnLRYNgePT2JwDu_VAVXuuqPp5yuQghnbK3ubTp8CInDOXYMGDLHR3pz3FD1P1VDNR5Vja7Lbdr59lZ35PID7rv_j8r3yHN1VuV4i4r8me5pF3_6rgl4vTJyWzPVnSSDCZ6sZnZNM3pYunY06p8-PWYOOfRHlt8u3LJBNpjiWUGsCWBjgWTRWAr6zurCVcrLZaOEa0k9SMaGVLi3vYrWZDXnbYxmcM-rGx1d6PhxUDYVK8LEeYgzbm1vM0qmbTpzT_0RuPYiLlkdUgF-3VnpjurhWLP2j4UesAyIGEZ2SF13jJM8_-VX83QL-gL91BUwZksAdM6MPA5IH-pNkwUTR-hheVNTaNRbWApBDZiOgVZxL0zAStpU5i8otJTrx5kaqkrkmPBn5GHb8R4IgmYrUja5K8Jlxeb2qFvQvUsE-k3nkEcXtq0q84kerLwpR7hNwDtGKgmpHJhJaFTLzLVTb_62pgPagt2nUCIo_TyY0q0RewZUz8jK9KHsy7icc7hcpiO14BszayUYL63OpAm6rDqCsBqvByv_W8xlExV_2XrJFg_saITVZQn_1Xt0wdNZ7WZ-bvIWdgozbm4H7DAiT5CIVtw79rY8NS8cFLdQfSqVkuyt0XST-jIpY6TSr6fG_iCBWhDINIRQvvfLOFV7lao53Je-fiRkSNNjqCJlUY2pUyMetzXSegM5de3KDeVReb_efkJf-7EM_Pa1-XXKia19lqSMVv41CMDBbVqYiZ1h0D54WpEZMpE9V0Ih4-3DQKTSDba0eHx8-cb1y_-5n9a8aD5Ew-xmEojIJP1VK89MlOXyxGnd3lhWKvqHRzUxEqtegmBILMAYGW65YXFhWb4Gt1tmpzW7hALF0TDFqtT2WuJyhQYsBuii9si5BAVFmnDhYXDipPV9wmORoyTHqOGHjE9JZ1LUVQJt7wAfAqEdTpzojrX0FxogQnhd2y4yMdVkwGtIACKhT6SMjSVK64asRBp2p_mHM
老人与孩子.png,https://aicunchu-1394039784.cos.ap-guangzhou.myqcloud.com/image/%E8%80%81%E4%BA%BA%E4%B8%8E%E5%AD%A9%E5%AD%90.png?q-sign-algorithm=sha1&q-ak=AKIDNwepPWiR959XaEWU9fs96kswK-qdxDIby5G5jSPmfK_IbGMTqKRmKTEVQSPrNg9i&q-sign-time=1767365000;1767368600&q-key-time=1767365000;1767368600&q-header-list=host&q-url-param-list=&q-signature=1d6eb04acdafc59636ba8a40583ac650c5289304&x-cos-security-token=YI7Be0o0IOd0Ml0jL7HnhcZYJz7gXOpa340b1363b46707e3170dcace624508c2v--7b-y27dzCeAa2Hwn1RKk3rqBOX74nH-gSC6KJ_H9yg6RilQU_iqcDpkJ_Uxtm7ukQdQBclmtmBhBeBryHcgW3DuK4pgygcD9z7dRcBO_rQcyXOG3KnyqyuwMrSfU4c48HvJAAaNdh4rhj3fV0I95HgoS5HctaODXR0oWUuWr_yKvWBfEtf5jUBhH8YHDTO5NuKQ7cVK5ALDjU_9MyfJBDbrf-odYQBOtkg1wlBZJSiQJgFOR2cYSL_g4nYs-tEe72Z_GgStPnLRYNgePT2JwDu_VAVXuuqPp5yuQghnbK3ubTp8CInDOXYMGDLHR3pz3FD1P1VDNR5Vja7Lbdr59lZ35PID7rv_j8r3yHN1VuV4i4r8me5pF3_6rgl4vTJyWzPVnSSDCZ6sZnZNM3pYunY06p8-PWYOOfRHlt8u3LJBNpjiWUGsCWBjgWTRWAr6zurCVcrLZaOEa0k9SMaGVLi3vYrWZDXnbYxmcM-rGx1d6PhxUDYVK8LEeYgzbm1vM0qmbTpzT_0RuPYiLlkdUgF-3VnpjurhWLP2j4UesAyIGEZ2SF13jJM8_-VX83QL-gL91BUwZksAdM6MPA5IH-pNkwUTR-hheVNTaNRbWApBDZiOgVZxL0zAStpU5i8otJTrx5kaqkrkmPBn5GHb8R4IgmYrUja5K8Jlxeb2qFvQvUsE-k3nkEcXtq0q84kerLwpR7hNwDtGKgmpHJhJaFTLzLVTb_62pgPagt2nUCIo_TyY0q0RewZUz8jK9KHsy7icc7hcpiO14BszayUYL63OpAm6rDqCsBqvByv_W8xlExV_2XrJFg_saITVZQn_1Xt0wdNZ7WZ-bvIWdgozbm4H7DAiT5CIVtw79rY8NS8cFLdQfSqVkuyt0XST-jIpY6TSr6fG_iCBWhDINIRQvvfLOFV7lao53Je-fiRkSNNjqCJlUY2pUyMetzXSegM5de3KDeVReb_efkJf-7EM_Pa1-XXKia19lqSMVv41CMDBbVqYiZ1h0D54WpEZMpE9V0Ih4-3DQKTSDba0eHx8-cb1y_-5n9a8aD5Ew-xmEojIJP1VK89MlOXyxGnd3lhWKvqHRzUxEqtegmBILMAYGW65YXFhWb4Gt1tmpzW7hALF0TDFqtT2WuJyhQYsBuii9si5BAVFmnDhYXDipPV9wmORoyTHqOGHjE9JZ1LUVQJt7wAfAqEdTpzojrX0FxogQnhd2y4yMdVkwGtIACKhT6SMjSVK64asRBp2p_mHM
营养成分表5.png,https://aicunchu-1394039784.cos.ap-guangzhou.myqcloud.com/image/%E8%90%A5%E5%85%BB%E6%88%90%E5%88%86%E8%A1%A85.png?q-sign-algorithm=sha1&q-ak=AKIDNwepPWiR959XaEWU9fs96kswK-qdxDIby5G5jSPmfK_IbGMTqKRmKTEVQSPrNg9i&q-sign-time=1767365000;1767368600&q-key-time=1767365000;1767368600&q-header-list=host&q-url-param-list=&q-signature=ddd30bf545ee729a87591492740ee475ff58fdb6&x-cos-security-token=YI7Be0o0IOd0Ml0jL7HnhcZYJz7gXOpa340b1363b46707e3170dcace624508c2v--7b-y27dzCeAa2Hwn1RKk3rqBOX74nH-gSC6KJ_H9yg6RilQU_iqcDpkJ_Uxtm7ukQdQBclmtmBhBeBryHcgW3DuK4pgygcD9z7dRcBO_rQcyXOG3KnyqyuwMrSfU4c48HvJAAaNdh4rhj3fV0I95HgoS5HctaODXR0oWUuWr_yKvWBfEtf5jUBhH8YHDTO5NuKQ7cVK5ALDjU_9MyfJBDbrf-odYQBOtkg1wlBZJSiQJgFOR2cYSL_g4nYs-tEe72Z_GgStPnLRYNgePT2JwDu_VAVXuuqPp5yuQghnbK3ubTp8CInDOXYMGDLHR3pz3FD1P1VDNR5Vja7Lbdr59lZ35PID7rv_j8r3yHN1VuV4i4r8me5pF3_6rgl4vTJyWzPVnSSDCZ6sZnZNM3pYunY06p8-PWYOOfRHlt8u3LJBNpjiWUGsCWBjgWTRWAr6zurCVcrLZaOEa0k9SMaGVLi3vYrWZDXnbYxmcM-rGx1d6PhxUDYVK8LEeYgzbm1vM0qmbTpzT_0RuPYiLlkdUgF-3VnpjurhWLP2j4UesAyIGEZ2SF13jJM8_-VX83QL-gL91BUwZksAdM6MPA5IH-pNkwUTR-hheVNTaNRbWApBDZiOgVZxL0zAStpU5i8otJTrx5kaqkrkmPBn5GHb8R4IgmYrUja5K8Jlxeb2qFvQvUsE-k3nkEcXtq0q84kerLwpR7hNwDtGKgmpHJhJaFTLzLVTb_62pgPagt2nUCIo_TyY0q0RewZUz8jK9KHsy7icc7hcpiO14BszayUYL63OpAm6rDqCsBqvByv_W8xlExV_2XrJFg_saITVZQn_1Xt0wdNZ7WZ-bvIWdgozbm4H7DAiT5CIVtw79rY8NS8cFLdQfSqVkuyt0XST-jIpY6TSr6fG_iCBWhDINIRQvvfLOFV7lao53Je-fiRkSNNjqCJlUY2pUyMetzXSegM5de3KDeVReb_efkJf-7EM_Pa1-XXKia19lqSMVv41CMDBbVqYiZ1h0D54WpEZMpE9V0Ih4-3DQKTSDba0eHx8-cb1y_-5n9a8aD5Ew-xmEojIJP1VK89MlOXyxGnd3lhWKvqHRzUxEqtegmBILMAYGW65YXFhWb4Gt1tmpzW7hALF0TDFqtT2WuJyhQYsBuii9si5BAVFmnDhYXDipPV9wmORoyTHqOGHjE9JZ1LUVQJt7wAfAqEdTpzojrX0FxogQnhd2y4yMdVkwGtIACKhT6SMjSVK64asRBp2p_mHM
银色标志4.png,https://aicunchu-1394039784.cos.ap-guangzhou.myqcloud.com/image/%E9%93%B6%E8%89%B2%E6%A0%87%E5%BF%974.png?q-sign-algorithm=sha1&q-ak=AKIDNwepPWiR959XaEWU9fs96kswK-qdxDIby5G5jSPmfK_IbGMTqKRmKTEVQSPrNg9i&q-sign-time=1767365000;1767368600&q-key-time=1767365000;1767368600&q-header-list=host&q-url-param-list=&q-signature=547ff87d0904a47f206ff8cee00bb545fbf2f55d&x-cos-security-token=YI7Be0o0IOd0Ml0jL7HnhcZYJz7gXOpa340b1363b46707e3170dcace624508c2v--7b-y27dzCeAa2Hwn1RKk3rqBOX74nH-gSC6KJ_H9yg6RilQU_iqcDpkJ_Uxtm7ukQdQBclmtmBhBeBryHcgW3DuK4pgygcD9z7dRcBO_rQcyXOG3KnyqyuwMrSfU4c48HvJAAaNdh4rhj3fV0I95HgoS5HctaODXR0oWUuWr_yKvWBfEtf5jUBhH8YHDTO5NuKQ7cVK5ALDjU_9MyfJBDbrf-odYQBOtkg1wlBZJSiQJgFOR2cYSL_g4nYs-tEe72Z_GgStPnLRYNgePT2JwDu_VAVXuuqPp5yuQghnbK3ubTp8CInDOXYMGDLHR3pz3FD1P1VDNR5Vja7Lbdr59lZ35PID7rv_j8r3yHN1VuV4i4r8me5pF3_6rgl4vTJyWzPVnSSDCZ6sZnZNM3pYunY06p8-PWYOOfRHlt8u3LJBNpjiWUGsCWBjgWTRWAr6zurCVcrLZaOEa0k9SMaGVLi3vYrWZDXnbYxmcM-rGx1d6PhxUDYVK8LEeYgzbm1vM0qmbTpzT_0RuPYiLlkdUgF-3VnpjurhWLP2j4UesAyIGEZ2SF13jJM8_-VX83QL-gL91BUwZksAdM6MPA5IH-pNkwUTR-hheVNTaNRbWApBDZiOgVZxL0zAStpU5i8otJTrx5kaqkrkmPBn5GHb8R4IgmYrUja5K8Jlxeb2qFvQvUsE-k3nkEcXtq0q84kerLwpR7hNwDtGKgmpHJhJaFTLzLVTb_62pgPagt2nUCIo_TyY0q0RewZUz8jK9KHsy7icc7hcpiO14BszayUYL63OpAm6rDqCsBqvByv_W8xlExV_2XrJFg_saITVZQn_1Xt0wdNZ7WZ-bvIWdgozbm4H7DAiT5CIVtw79rY8NS8cFLdQfSqVkuyt0XST-jIpY6TSr6fG_iCBWhDINIRQvvfLOFV7lao53Je-fiRkSNNjqCJlUY2pUyMetzXSegM5de3KDeVReb_efkJf-7EM_Pa1-XXKia19lqSMVv41CMDBbVqYiZ1h0D54WpEZMpE9V0Ih4-3DQKTSDba0eHx8-cb1y_-5n9a8aD5Ew-xmEojIJP1VK89MlOXyxGnd3lhWKvqHRzUxEqtegmBILMAYGW65YXFhWb4Gt1tmpzW7hALF0TDFqtT2WuJyhQYsBuii9si5BAVFmnDhYXDipPV9wmORoyTHqOGHjE9JZ1LUVQJt7wAfAqEdTpzojrX0FxogQnhd2y4yMdVkwGtIACKhT6SMjSVK64asRBp2p_mHM
鲜蒸鱼.png,https://aicunchu-1394039784.cos.ap-guangzhou.myqcloud.com/image/%E9%B2%9C%E8%92%B8%E9%B1%BC.png?q-sign-algorithm=sha1&q-ak=AKIDNwepPWiR959XaEWU9fs96kswK-qdxDIby5G5jSPmfK_IbGMTqKRmKTEVQSPrNg9i&q-sign-time=1767365000;1767368600&q-key-time=1767365000;1767368600&q-header-list=host&q-url-param-list=&q-signature=bdb75c41bbd01ee6f35600229bdb733f2099e4a1&x-cos-security-token=YI7Be0o0IOd0Ml0jL7HnhcZYJz7gXOpa340b1363b46707e3170dcace624508c2v--7b-y27dzCeAa2Hwn1RKk3rqBOX74nH-gSC6KJ_H9yg6RilQU_iqcDpkJ_Uxtm7ukQdQBclmtmBhBeBryHcgW3DuK4pgygcD9z7dRcBO_rQcyXOG3KnyqyuwMrSfU4c48HvJAAaNdh4rhj3fV0I95HgoS5HctaODXR0oWUuWr_yKvWBfEtf5jUBhH8YHDTO5NuKQ7cVK5ALDjU_9MyfJBDbrf-odYQBOtkg1wlBZJSiQJgFOR2cYSL_g4nYs-tEe72Z_GgStPnLRYNgePT2JwDu_VAVXuuqPp5yuQghnbK3ubTp8CInDOXYMGDLHR3pz3FD1P1VDNR5Vja7Lbdr59lZ35PID7rv_j8r3yHN1VuV4i4r8me5pF3_6rgl4vTJyWzPVnSSDCZ6sZnZNM3pYunY06p8-PWYOOfRHlt8u3LJBNpjiWUGsCWBjgWTRWAr6zurCVcrLZaOEa0k9SMaGVLi3vYrWZDXnbYxmcM-rGx1d6PhxUDYVK8LEeYgzbm1vM0qmbTpzT_0RuPYiLlkdUgF-3VnpjurhWLP2j4UesAyIGEZ2SF13jJM8_-VX83QL-gL91BUwZksAdM6MPA5IH-pNkwUTR-hheVNTaNRbWApBDZiOgVZxL0zAStpU5i8otJTrx5kaqkrkmPBn5GHb8R4IgmYrUja5K8Jlxeb2qFvQvUsE-k3nkEcXtq0q84kerLwpR7hNwDtGKgmpHJhJaFTLzLVTb_62pgPagt2nUCIo_TyY0q0RewZUz8jK9KHsy7icc7hcpiO14BszayUYL63OpAm6rDqCsBqvByv_W8xlExV_2XrJFg_saITVZQn_1Xt0wdNZ7WZ-bvIWdgozbm4H7DAiT5CIVtw79rY8NS8cFLdQfSqVkuyt0XST-jIpY6TSr6fG_iCBWhDINIRQvvfLOFV7lao53Je-fiRkSNNjqCJlUY2pUyMetzXSegM5de3KDeVReb_efkJf-7EM_Pa1-XXKia19lqSMVv41CMDBbVqYiZ1h0D54WpEZMpE9V0Ih4-3DQKTSDba0eHx8-cb1y_-5n9a8aD5Ew-xmEojIJP1VK89MlOXyxGnd3lhWKvqHRzUxEqtegmBILMAYGW65YXFhWb4Gt1tmpzW7hALF0TDFqtT2WuJyhQYsBuii9si5BAVFmnDhYXDipPV9wmORoyTHqOGHjE9JZ1LUVQJt7wAfAqEdTpzojrX0FxogQnhd2y4yMdVkwGtIACKhT6SMjSVK64asRBp2p_mHM
